{"cameraMode":{"drawMode":0,"name":"Shaded","section":"Shading Mode"},"sceneLighting":false,"audioPlay":false,"sceneViewState":{"showFog":true,"showMaterialUpdate":false,"showSkybox":false,"showFlares":true,"showImageEffects":true,"showParticleSystems":true},"in2DMode":false,"pivot":{"x":129.08999633789063,"y":0.3961331248283386,"z":94.66841888427735},"rotation":{"x":0.4089588224887848,"y":-0.19463446736335755,"z":0.08973506838083267,"w":0.8870275020599365},"size":3.6353976726531984,"orthographic":false}