{"cameraMode":{"drawMode":0,"name":"Shaded","section":"Shading Mode"},"sceneLighting":false,"audioPlay":false,"sceneViewState":{"showFog":true,"showMaterialUpdate":false,"showSkybox":false,"showFlares":true,"showImageEffects":true,"showParticleSystems":true},"in2DMode":false,"pivot":{"x":7.103613376617432,"y":-1.6260825395584107,"z":7.438100814819336},"rotation":{"x":-0.19045133888721467,"y":-0.06121283397078514,"z":0.011899538338184357,"w":-0.9797141551971436},"size":4.488122940063477,"orthographic":false}