{"cameraMode":{"drawMode":0,"name":"Shaded","section":"Shading Mode"},"sceneLighting":false,"audioPlay":false,"sceneViewState":{"showFog":true,"showMaterialUpdate":false,"showSkybox":false,"showFlares":true,"showImageEffects":true,"showParticleSystems":true},"in2DMode":false,"pivot":{"x":14.271587371826172,"y":0.7250666618347168,"z":11.752229690551758},"rotation":{"x":-0.05806471034884453,"y":-0.05926349759101868,"z":0.0034531536512076856,"w":-0.9965463280677795},"size":2.8578836917877199,"orthographic":false}