{"cameraMode":{"drawMode":0,"name":"Shaded","section":"Shading Mode"},"sceneLighting":false,"audioPlay":false,"sceneViewState":{"showFog":true,"showMaterialUpdate":false,"showSkybox":false,"showFlares":true,"showImageEffects":true,"showParticleSystems":true},"in2DMode":false,"pivot":{"x":4.095689296722412,"y":0.5474718809127808,"z":-29.87115478515625},"rotation":{"x":0.2866959571838379,"y":-0.582216203212738,"z":0.2301851361989975,"w":0.7251514792442322},"size":5.3061203956604,"orthographic":true}