{"cameraMode":{"drawMode":0,"name":"Shaded","section":"Shading Mode"},"sceneLighting":false,"audioPlay":false,"sceneViewState":{"showFog":true,"showMaterialUpdate":false,"showSkybox":false,"showFlares":true,"showImageEffects":true,"showParticleSystems":true},"in2DMode":false,"pivot":{"x":0.025774657726287843,"y":0.6700584888458252,"z":0.3878825306892395},"rotation":{"x":-0.19045133888721467,"y":-0.06121283397078514,"z":0.011899538338184357,"w":-0.9797141551971436},"size":4.637760162353516,"orthographic":false}