{"cameraMode":{"drawMode":0,"name":"Shaded","section":"Shading Mode"},"sceneLighting":false,"audioPlay":false,"sceneViewState":{"showFog":false,"showMaterialUpdate":false,"showSkybox":false,"showFlares":false,"showImageEffects":false,"showParticleSystems":false},"in2DMode":false,"pivot":{"x":36.869937896728519,"y":-0.15325555205345155,"z":119.62971496582031},"rotation":{"x":0.19585679471492768,"y":-0.28810426592826846,"z":0.06032333895564079,"w":0.9354128241539002},"size":4.403563022613525,"orthographic":false}