{"cameraMode":{"drawMode":0,"name":"Shaded","section":"Shading Mode"},"sceneLighting":false,"audioPlay":false,"sceneViewState":{"showFog":false,"showMaterialUpdate":false,"showSkybox":false,"showFlares":false,"showImageEffects":false,"showParticleSystems":false},"in2DMode":false,"pivot":{"x":1.4930087327957154,"y":-0.242661714553833,"z":-0.0043370723724365238},"rotation":{"x":-0.39215773344039919,"y":-0.045798853039741519,"z":0.019551225006580354,"w":-0.9185491800308228},"size":7.786703109741211,"orthographic":false}