{"cameraMode":{"drawMode":0,"name":"Shaded","section":"Shading Mode"},"sceneLighting":false,"audioPlay":false,"sceneViewState":{"showFog":false,"showMaterialUpdate":false,"showSkybox":false,"showFlares":false,"showImageEffects":false,"showParticleSystems":false},"in2DMode":false,"pivot":{"x":-0.6251713633537293,"y":5.082559585571289,"z":7.703352928161621},"rotation":{"x":-0.005319871474057436,"y":-0.9347290396690369,"z":0.3550456762313843,"w":-0.01400109101086855},"size":9.96768856048584,"orthographic":false}