{"cameraMode":{"drawMode":0,"name":"Shaded","section":"Shading Mode"},"sceneLighting":false,"audioPlay":false,"sceneViewState":{"showFog":false,"showMaterialUpdate":false,"showSkybox":false,"showFlares":false,"showImageEffects":false,"showParticleSystems":false},"in2DMode":false,"pivot":{"x":6.170000076293945,"y":2.109999895095825,"z":-40.0099983215332},"rotation":{"x":-0.015481154434382916,"y":-0.9565606713294983,"z":0.2864976227283478,"w":-0.05168314278125763},"size":2.2832627296447756,"orthographic":false}