{"cameraMode":{"drawMode":0,"name":"Shaded","section":"Shading Mode"},"sceneLighting":false,"audioPlay":false,"sceneViewState":{"showFog":false,"showMaterialUpdate":false,"showSkybox":false,"showFlares":false,"showImageEffects":false,"showParticleSystems":false},"in2DMode":false,"pivot":{"x":0.03161922097206116,"y":0.15171362459659577,"z":-0.001957222819328308},"rotation":{"x":-0.08645909279584885,"y":-0.6673402190208435,"z":0.07843989878892899,"w":-0.7355467677116394},"size":1.7125918865203858,"orthographic":false}