{"cameraMode":{"drawMode":0,"name":"Shaded","section":"Shading Mode"},"sceneLighting":false,"audioPlay":false,"sceneViewState":{"showFog":false,"showMaterialUpdate":false,"showSkybox":false,"showFlares":false,"showImageEffects":false,"showParticleSystems":false},"in2DMode":false,"pivot":{"x":-6.686240196228027,"y":-0.22452551126480103,"z":17.53976821899414},"rotation":{"x":-0.10825394093990326,"y":-0.5204026103019714,"z":0.06671507656574249,"w":-0.8443999290466309},"size":3.893084764480591,"orthographic":false}