{"cameraMode":{"drawMode":0,"name":"Shaded","section":"Shading Mode"},"sceneLighting":false,"audioPlay":false,"sceneViewState":{"showFog":false,"showMaterialUpdate":false,"showSkybox":false,"showFlares":false,"showImageEffects":false,"showParticleSystems":false},"in2DMode":false,"pivot":{"x":12.877248764038086,"y":2.0301108360290529,"z":12.204538345336914},"rotation":{"x":-0.32827049493789675,"y":0.24105717241764069,"z":-0.08704066276550293,"w":-0.9091501235961914},"size":7.329775333404541,"orthographic":false}