{"cameraMode":{"drawMode":0,"name":"Shaded","section":"Shading Mode"},"sceneLighting":false,"audioPlay":false,"sceneViewState":{"showFog":false,"showMaterialUpdate":false,"showSkybox":false,"showFlares":false,"showImageEffects":false,"showParticleSystems":false},"in2DMode":false,"pivot":{"x":-8.122673034667969,"y":-0.05922889709472656,"z":11.14010238647461},"rotation":{"x":-0.08645909279584885,"y":-0.6673402190208435,"z":0.07843989878892899,"w":-0.7355467677116394},"size":30.44761085510254,"orthographic":false}