{"cameraMode":{"drawMode":0,"name":"Shaded","section":"Shading Mode"},"sceneLighting":true,"audioPlay":false,"sceneViewState":{"showFog":false,"showMaterialUpdate":false,"showSkybox":false,"showFlares":false,"showImageEffects":false,"showParticleSystems":false},"in2DMode":false,"pivot":{"x":117.64080047607422,"y":1.173187494277954,"z":14.602603912353516},"rotation":{"x":-0.0653047263622284,"y":0.9327133893966675,"z":-0.2802630662918091,"w":-0.21733319759368897},"size":8.700037956237793,"orthographic":false}