{"cameraMode":{"drawMode":0,"name":"Shaded","section":"Shading Mode"},"sceneLighting":false,"audioPlay":false,"sceneViewState":{"showFog":false,"showMaterialUpdate":false,"showSkybox":false,"showFlares":false,"showImageEffects":false,"showParticleSystems":false},"in2DMode":false,"pivot":{"x":2.2438228130340578,"y":3.192466974258423,"z":-35.46163558959961},"rotation":{"x":-0.01280937809497118,"y":-0.984149694442749,"z":0.1578172743320465,"w":-0.07986912131309509},"size":4.419594764709473,"orthographic":false}