{"cameraMode":{"drawMode":0,"name":"Shaded","section":"Shading Mode"},"sceneLighting":false,"audioPlay":false,"sceneViewState":{"showFog":false,"showMaterialUpdate":false,"showSkybox":false,"showFlares":false,"showImageEffects":false,"showParticleSystems":false},"in2DMode":false,"pivot":{"x":4.095689296722412,"y":0.5474718809127808,"z":-29.87115478515625},"rotation":{"x":-0.2091616541147232,"y":-0.7673436999320984,"z":0.5226053595542908,"w":-0.30711352825164797},"size":5.3061203956604,"orthographic":false}