{"cameraMode":{"drawMode":0,"name":"Shaded","section":"Shading Mode"},"sceneLighting":false,"audioPlay":false,"sceneViewState":{"showFog":false,"showMaterialUpdate":false,"showSkybox":false,"showFlares":false,"showImageEffects":false,"showParticleSystems":false},"in2DMode":false,"pivot":{"x":0.025774657726287843,"y":0.6700584888458252,"z":0.3878825306892395},"rotation":{"x":-0.01280937809497118,"y":-0.984149694442749,"z":0.1578172743320465,"w":-0.07986912131309509},"size":4.637760162353516,"orthographic":false}