{"cameraMode":{"drawMode":0,"name":"Shaded","section":"Shading Mode"},"sceneLighting":false,"audioPlay":false,"sceneViewState":{"showFog":false,"showMaterialUpdate":false,"showSkybox":false,"showFlares":false,"showImageEffects":false,"showParticleSystems":false},"in2DMode":false,"pivot":{"x":7.103613376617432,"y":-1.6260825395584107,"z":7.438100814819336},"rotation":{"x":-0.39215773344039919,"y":-0.045798853039741519,"z":0.019551225006580354,"w":-0.9185491800308228},"size":4.488122940063477,"orthographic":false}