{"cameraMode":{"drawMode":0,"name":"Shaded","section":"Shading Mode"},"sceneLighting":false,"audioPlay":false,"sceneViewState":{"showFog":false,"showMaterialUpdate":false,"showSkybox":false,"showFlares":false,"showImageEffects":false,"showParticleSystems":false},"in2DMode":false,"pivot":{"x":129.08999633789063,"y":0.3961331248283386,"z":94.66841888427735},"rotation":{"x":0.007935991510748864,"y":0.9786296486854553,"z":-0.2018427848815918,"w":0.03847704827785492},"size":3.6353976726531984,"orthographic":false}