{"cameraMode":{"drawMode":0,"name":"Shaded","section":"Shading Mode"},"sceneLighting":false,"audioPlay":false,"sceneViewState":{"showFog":false,"showMaterialUpdate":false,"showSkybox":false,"showFlares":false,"showImageEffects":false,"showParticleSystems":false},"in2DMode":false,"pivot":{"x":-4.186893463134766,"y":-0.10459917783737183,"z":-29.93294334411621},"rotation":{"x":0.12057530879974365,"y":-0.2373082935810089,"z":0.029698563739657403,"w":0.9634647965431213},"size":1.6409668922424317,"orthographic":false}