{"cameraMode":{"drawMode":0,"name":"Shaded","section":"Shading Mode"},"sceneLighting":false,"audioPlay":false,"sceneViewState":{"showFog":false,"showMaterialUpdate":false,"showSkybox":false,"showFlares":false,"showImageEffects":false,"showParticleSystems":false},"in2DMode":false,"pivot":{"x":0.023204445838928224,"y":0.4613649547100067,"z":0.1849687248468399},"rotation":{"x":-0.01280937809497118,"y":-0.984149694442749,"z":0.1578172743320465,"w":-0.07986912131309509},"size":2.72162127494812,"orthographic":false}